INPUT — GASTOS,,,,,,,,,,,,,,,,,,,,,,
Cargá acá todos los gastos del año (una sola tabla).,,,,,,,,,,,,,,,,,,,,,,
Tip: cargá TODO el año acá. Categorías y medios de pago se gestionan en CONFIG.,,,,,,,,,,,,,,,,,,,,,,
CARGA GASTOS DIARIOS,,,,,,,,,,"779.507,53",,,,,,,,,,,,
Fecha,Categoría,Subcategoría,Proveedor/Detalle,Descripción,Moneda,Importe,Medio de pago,Notas,TC aplicado,Importe MXN,Mes,Semana,Quincena,,,,,,,,,
02-ene-2026,Sueldos/Comisiones,,,comision concierge ,MXN," $300,00",Tarjeta,,"1,00","300,00",2026-01,1,2026-01-Q1,,,,,,,,,
03-ene-2026,Sueldos/Comisiones,,Fanny,Fanny corte quincena,MXN," $13.557,00",Tarjeta,,"1,00","13.557,00",2026-01,1,2026-01-Q1,,,,,,,,,
03-ene-2026,Sueldos/Comisiones,,Flor,Flor corte quincena,MXN," $16.960,00",Tarjeta,,"1,00","16.960,00",2026-01,1,2026-01-Q1,,,,,,,,,
03-ene-2026,Retiros -Mariana,,Maru,maru gastos miami,MXN," $3.600,00",Tarjeta,,"1,00","3.600,00",2026-01,1,2026-01-Q1,,,,,,,,,
04-ene-2026,Productos ,,amazon,amazon pedido,MXN," $360,00",Tarjeta,,"1,00","360,00",2026-01,1,2026-01-Q1,,,,,,,,,
04-ene-2026,Retiros -Mariana,,Maru,maru gastos miami,MXN," $1.500,00",Tarjeta,,"1,00","1.500,00",2026-01,1,2026-01-Q1,,,,,,,,,
05-ene-2026,Retiros -Mariana,,Maru,maru gastos miami,MXN," $5.700,00",Tarjeta,,"1,00","5.700,00",2026-01,2,2026-01-Q1,,,,,,,,,
05-ene-2026,Renta,,,renta local,MXN," $17.349,00",Tarjeta,,"1,00","17.349,00",2026-01,2,2026-01-Q1,,,,,,,,,
05-ene-2026,Sueldos/Comisiones,,Karen,karen sueldo y comision quincena,MXN," $8.888,00",Tarjeta,,"1,00","8.888,00",2026-01,2,2026-01-Q1,,,,,,,,,
07-ene-2026,Productos ,,amazon ,amazon pedido,MXN," $379,00",Tarjeta,,"1,00","379,00",2026-01,2,2026-01-Q1,,,,,,,,,
07-ene-2026,Productos ,,amazon ,amazon pedido,MXN," $200,00",Tarjeta,,"1,00","200,00",2026-01,2,2026-01-Q1,,,,,,,,,
08-ene-2026,Productos ,,,mercado libre,MXN," $1.522,00",Tarjeta,,"1,00","1.522,00",2026-01,2,2026-01-Q1,,,,,,,,,
08-ene-2026,Productos ,,probell,"base, top, 3 rubber, 1 base regular",MXN," $1.495,00",Tarjeta,,"1,00","1.495,00",2026-01,2,2026-01-Q1,,,,,,,,,
08-ene-2026,Gastos Operativos,,chedraui,,MXN," $840,00",Tarjeta,,"1,00","840,00",2026-01,2,2026-01-Q1,,,,,,,,,
10-ene-2026,,,,cambio tarjeta a efectivo,MXN," $300,00",Tarjeta,,"1,00","300,00",2026-01,2,2026-01-Q1,,,,,,,,,
11-ene-2026,,,,cambio tarjeta a efectivo,MXN,"- $300,00",Efectivo,,"1,00","-300,00",2026-01,2,2026-01-Q1,,,,,,,,,
11-ene-2026,,,,cambio tarjeta a efectivo,MXN," $1.000,00",Tarjeta,,"1,00","1.000,00",2026-01,2,2026-01-Q1,,,,,,,,,
11-ene-2026,,,,cambio tarjeta a efectivo,MXN,"- $1.000,00",Efectivo,,"1,00","-1.000,00",2026-01,2,2026-01-Q1,,,,,,,,,
13-ene-2026,Productos ,,mercado libre,,MXN," $600,00",Tarjeta,,"1,00","600,00",2026-01,3,2026-01-Q1,,,,,,,,,
13-ene-2026,Retiros -Mariana,,maru,maru gasto panamera,MXN," $1.100,00",Tarjeta,,"1,00","1.100,00",2026-01,3,2026-01-Q1,,,,,,,,,
13-ene-2026,Marketing,,,pago juli ,USD," $150,00",Tarjeta,,"17,00","2.550,00",2026-01,3,2026-01-Q1,,,,,,,,,
13-ene-2026,Retiros -Mariana,,Maru,"maru comida, pocna",MXN," $820,00",Tarjeta,,"1,00","820,00",2026-01,3,2026-01-Q1,,,,,,,,,
14-ene-2026,Retiros -Mariana,,maru,temazcal y gasolina,MXN," $1.000,00",Efectivo,,"1,00","1.000,00",2026-01,3,2026-01-Q1,,,,,,,,,
14-ene-2026,Inversiones nuevas,,vivi,mesa auxiliar,MXN," $400,00",Tarjeta,,"1,00","400,00",2026-01,3,2026-01-Q1,,,,,,,,,
14-ene-2026,Gastos Operativos,,,karen taxi ,MXN," $250,00",Tarjeta,,"1,00","250,00",2026-01,3,2026-01-Q1,,,,,,,,,
,,,,cambio tarjeta a efectivo,MXN," $500,00",Tarjeta,,,,,,,,,,,,,,,
,,,,cambio tarjeta a efectivo,MXN,"- $500,00",Efectivo,,,,,,,,,,,,,,,
15-ene-2026,Sueldos/Comisiones,,Jessi,comida jessi,MXN," $60,00",Tarjeta,,"1,00","60,00",2026-01,3,2026-01-Q1,,,,,,,,,
12-ene-2026,Inversiones nuevas,,vivi,sillones pedicura,MXN," $3.400,00",Tarjeta,,"1,00","3.400,00",2026-01,3,2026-01-Q1,,,,,,,,,
15-ene-2026,,,,cambio tarjeta a efectivo,MXN," $500,00",Tarjeta,,"1,00","500,00",2026-01,3,2026-01-Q1,,,,,,,,,
15-ene-2026,,,,cambio tarjeta a efectivo,MXN,"- $500,00",Efectivo,,"1,00","-500,00",2026-01,3,2026-01-Q1,,,,,,,,,
17-ene-2026,Sueldos/Comisiones,,Fanny,corte quincenal FANNY,MXN," $8.000,00",Tarjeta,,"1,00","8.000,00",2026-01,3,2026-01-Q2,,,,,,,,,
17-ene-2026,Sueldos/Comisiones,,Fanny,CORTE quincenal FANNY,MXN," $9.183,00",Tarjeta,,"1,00","9.183,00",2026-01,3,2026-01-Q2,,,,,,,,,
18-ene-2026,Sueldos/Comisiones,,Karen,corte KAREN quincena,MXN," $7.644,00",Tarjeta,,"1,00","7.644,00",2026-01,3,2026-01-Q2,,,,,,,,,
18-ene-2026,Sueldos/Comisiones,,Flor,corte FLOR quincena,MXN," $8.660,00",Tarjeta,,"1,00","8.660,00",2026-01,3,2026-01-Q2,,,,,,,,,
18-ene-2026,Sueldos/Comisiones,,,comision concierge ,MXN," $250,00",Tarjeta,,"1,00","250,00",2026-01,3,2026-01-Q2,,,,,,,,,
21-ene-2026,Prestamos ,,,ALEX DEUDA,MXN," $20.000,00",Efectivo,,"1,00","20.000,00",2026-01,4,2026-01-Q2,,,,,,,,,
21-ene-2026,Gastos Operativos,,,Inscripciones amazon spotify,MXN," $239,00",Tarjeta,,"1,00","239,00",2026-01,4,2026-01-Q2,,,,,,,,,
21-ene-2026,Retiros -Mariana,,maru,comida maru,MXN," $350,00",Tarjeta,,"1,00","350,00",2026-01,4,2026-01-Q2,,,,,,,,,
21-ene-2026,Retiros -Mariana,,maru,maru biodecodifacion,MXN," $1.210,00",Tarjeta,,"1,00","1.210,00",2026-01,4,2026-01-Q2,,,,,,,,,
21-ene-2026,Gastos Operativos,,,limpieza local ,MXN," $600,00",Tarjeta,,"1,00","600,00",2026-01,4,2026-01-Q2,,,,,,,,,
21-ene-2026,Retiros -Mariana,,maru,super maru ,MXN," $900,00",Efectivo,,"1,00","900,00",2026-01,4,2026-01-Q2,,,,,,,,,
28-ene-2026,Retiros -Mariana,,maru,renta casa maru,MXN," $5.000,00",Tarjeta,,"1,00","5.000,00",2026-01,5,2026-01-Q2,,,,,,,,,
28-ene-2026,,,,cambio efectivo a tarjeta,MXN," $6.000,00",Efectivo,,"1,00","6.000,00",2026-01,5,2026-01-Q2,,,,,,,,,
28-ene-2026,,,,cambio efectivo a tarjeta,MXN,"- $6.000,00",Tarjeta,,"1,00","-6.000,00",2026-01,5,2026-01-Q2,,,,,,,,,
28-ene-2026,Productos ,,probell,"2 top coat , 2 polvo acrilico, monomero ",MXN," $1.291,00",Efectivo,,"1,00","1.291,00",2026-01,5,2026-01-Q2,,,,,,,,,
28-ene-2026,Retiros -Mariana,,maru,maru comida bacaro ,MXN," $500,00",Efectivo,,"1,00","500,00",2026-01,5,2026-01-Q2,,,,,,,,,
29-ene-2026,Inversiones nuevas,,mercado libre,tornos nuevos,MXN," $692,00",Tarjeta,,"1,00","692,00",2026-01,5,2026-01-Q2,,,,,,,,,
31-ene-2026,Gastos Operativos,,fresha,pagina de tunos,MXN," $479,00",Tarjeta,,"1,00","479,00",2026-01,5,2026-01-Q2,,,,,,,,,
31-ene-2026,Impuestos,,fiscales mes de noviembre y diciembre,,MXN," $6.000,00",Efectivo,,"1,00","6.000,00",2026-01,5,2026-01-Q2,,,,,,,,,
31-ene-2026,Otros,,ajuste efectivo,,MXN," $855,00",Efectivo,,"1,00","855,00",2026-01,5,2026-01-Q2,,,,,,,,,
,,,,,,,,,,,,,,,,,,,,,,
,,,,,,,,,,,,,,,,,,,,,,
,,,,,,,,,,,,,,,,,,,,,,
,,,,,,,,,,,,,,,,,,,,,,
,,,,,,,,,,,,,,,,,,,,,,
31-ene-2026,Retiros -Mariana,,NIMEÑO,,MXN," $695,00",Tarjeta,,"1,00","695,00",2026-01,5,2026-01-Q2,,,,,,,,,
25-ene-2026,Otros,,Suscripcion apple,,MXN," $165,00",Tarjeta,,"1,00","165,00",2026-01,4,2026-01-Q2,,,,,,,,,
02-feb-2026,Impuestos,,FISCALES 3 MESES (diciembre Enero Febrero),,MXN," $9.000,00",Efectivo,,"1,00","9.000,00",2026-02,6,2026-02-Q1,,,,,,,,,
03-feb-2026,Inversiones nuevas,,Pato diseño local,,MXN," $4.000,00",Tarjeta,,"1,00","4.000,00",2026-02,6,2026-02-Q1,,,,,,,,,
03-feb-2026,Gastos Operativos,,Posnet mercado pago,,MXN," $600,00",Tarjeta,,"1,00","600,00",2026-02,6,2026-02-Q1,,,,,,,,,
03-feb-2026,Sueldos/Comisiones,,Karen 1 quincena,,MXN," $12.457,00",Tarjeta,,"1,00","12.457,00",2026-02,6,2026-02-Q1,,,,,,,,,
03-feb-2026,Sueldos/Comisiones,,Flor 1 quincena,,MXN," $17.550,00",Tarjeta,,"1,00","17.550,00",2026-02,6,2026-02-Q1,,,,,,,,,
03-feb-2026,Retiros -Mariana,,comida local,,MXN," $255,00",Tarjeta,,"1,00","255,00",2026-02,6,2026-02-Q1,,,,,,,,,
03-feb-2026,Otros,,suscpricion apple,,MXN," $179,00",Tarjeta,,"1,00","179,00",2026-02,6,2026-02-Q1,,,,,,,,,
03-feb-2026,Retiros -Mariana,,sofi regalo papa,,MXN," $300,00",Tarjeta,,"1,00","300,00",2026-02,6,2026-02-Q1,,,,,,,,,
03-feb-2026,Retiros -Mariana,,renta depto maru,,MXN,12.2000,Tarjeta,,"1,00","36.861,00",2026-02,6,2026-02-Q1,,,,,,,,,
06-feb-2026,Gastos Operativos,,luz bimestral,,MXN," $1.298,00",Tarjeta,,"1,00","1.298,00",2026-02,6,2026-02-Q1,,,,,,,,,
06-feb-2026,Otros,,cambio tarjeta a efectivo,,MXN," $12.000,00",Tarjeta,,"1,00","12.000,00",2026-02,6,2026-02-Q1,,,,,,,,,
06-feb-2026,Otros,,cambio tarjeta a efectivo,,MXN,"- $12.000,00",Efectivo,,"1,00","-12.000,00",2026-02,6,2026-02-Q1,,,,,,,,,
06-feb-2026,Retiros -Mariana,,super,,MXN," $1.500,00",Tarjeta,,"1,00","1.500,00",2026-02,6,2026-02-Q1,,,,,,,,,
07-feb-2026,Renta,,alquiler local,,MXN," $17.349,00",Efectivo,,"1,00","17.349,00",2026-02,6,2026-02-Q1,,,,,,,,,
07-feb-2026,Retiros -Mariana,,rivaldo mudanzas,,MXN," $300,00",Tarjeta,,"1,00","300,00",2026-02,6,2026-02-Q1,,,,,,,,,
07-feb-2026,Gastos Operativos,,impresionas hojas faciales ,,MXN," $365,00",Tarjeta,,"1,00","365,00",2026-02,6,2026-02-Q1,,,,,,,,,
07-feb-2026,Retiros -Mariana,,comida local,,MXN," $130,00",Tarjeta,,"1,00","130,00",2026-02,6,2026-02-Q1,,,,,,,,,
10-feb-2026,Productos ,,Kalani productos ,,MXN," $929,00",Tarjeta,,"1,00","929,00",2026-02,7,2026-02-Q1,,,,,,,,,
11-feb-2026,Marketing,,juli marketing ,,USD," $150,00",Tarjeta,,"17,00","2.550,00",2026-02,7,2026-02-Q1,,,,,,,,,
12-feb-2026,Retiros -Mariana,,comida local,,MXN," $100,00",Tarjeta,,"1,00","100,00",2026-02,7,2026-02-Q1,,,,,,,,,
13-feb-2026,Productos ,,guantes,,MXN," $420,00",Tarjeta,,"1,00","420,00",2026-02,7,2026-02-Q1,,,,,,,,,
14-feb-2026,Inversiones nuevas,,pintura local remodelacion,,MXN," $5.500,00",Tarjeta,,"1,00","5.500,00",2026-02,7,2026-02-Q1,,,,,,,,,
14-feb-2026,Retiros -Mariana,,gastos maru seven,,MXN," $230,00",Tarjeta,,"1,00","230,00",2026-02,7,2026-02-Q1,,,,,,,,,
14-feb-2026,Retiros -Mariana,,spa,,MXN," $550,00",Tarjeta,,"1,00","550,00",2026-02,7,2026-02-Q1,,,,,,,,,
15-feb-2026,Retiros -Mariana,,comida local,,MXN," $130,00",Tarjeta,,"1,00","130,00",2026-02,7,2026-02-Q1,,,,,,,,,
16-feb-2026,Sueldos/Comisiones,,flor 2 quincena,,MXN," $8.000,00",Tarjeta,,"1,00","8.000,00",2026-02,8,2026-02-Q2,,,,,,,,,
16-feb-2026,Sueldos/Comisiones,,karen 2 quincena,,MXN," $8.000,00",Tarjeta,,"1,00","8.000,00",2026-02,8,2026-02-Q2,,,,,,,,,
16-feb-2026,Otros,,curso marketing uñas,,USD," $45,00",Tarjeta,,"17,00","765,00",2026-02,8,2026-02-Q2,,,,,,,,,
16-feb-2026,Otros,,Acuerdo fanny abogado,,MXN," $3.000,00",Tarjeta,,"1,00","3.000,00",2026-02,8,2026-02-Q2,,,,,,,,,
17-feb-2026,Productos ,,lifting de pestanas,,MXN," $387,00",Tarjeta,,"1,00","387,00",2026-02,8,2026-02-Q2,,,,,,,,,
17-feb-2026,Sueldos/Comisiones,,karen 2 quincena,,MXN," $3.645,00",Tarjeta,,"1,00","3.645,00",2026-02,8,2026-02-Q2,,,,,,,,,
19-feb-2026,Productos ,,probell,,MXN," $870,00",Tarjeta,,"1,00","870,00",2026-02,8,2026-02-Q2,,,,,,,,,
19-feb-2026,Gastos Operativos,,super local ,,MXN," $1.170,00",Tarjeta,,"1,00","1.170,00",2026-02,8,2026-02-Q2,,,,,,,,,
19-feb-2026,Retiros -Mariana,,comida local,,MXN," $140,00",Tarjeta,,"1,00","140,00",2026-02,8,2026-02-Q2,,,,,,,,,
21-feb-2026,Retiros -Mariana,,comida maru ,,MXN," $380,00",Tarjeta,,"1,00","380,00",2026-02,8,2026-02-Q2,,,,,,,,,
21-feb-2026,Retiros -Mariana,,comida maru ,,MXN," $230,00",Tarjeta,,"1,00","230,00",2026-02,8,2026-02-Q2,,,,,,,,,
21-feb-2026,Retiros -Mariana,,nopalitos,,MXN," $600,00",Tarjeta,,"1,00","600,00",2026-02,8,2026-02-Q2,,,,,,,,,
21-feb-2026,Gastos Operativos,,limpieza local ,,MXN," $700,00",Tarjeta,,"1,00","700,00",2026-02,8,2026-02-Q2,,,,,,,,,
23/02,Inversiones nuevas,,mercado libre,"pava electrica, batidor de leche",MXN," $1.014,00",Tarjeta,,"1,00","1.014,00",2026-02,9,2026-02-Q2,,,,,,,,,
24-feb-2026,Gastos Operativos,,libreria impresiones,,MXN," $375,00",Tarjeta,,"1,00","375,00",2026-02,9,2026-02-Q2,,,,,,,,,
24-feb-2026,Gastos Operativos,,ferreteria,,MXN," $560,00",Tarjeta,,"1,00","560,00",2026-02,9,2026-02-Q2,,,,,,,,,
26-feb-2026,Retiros -Mariana,,super maru,,MXN," $1.400,00",Tarjeta,,"1,00","1.400,00",2026-02,9,2026-02-Q2,,,,,,,,,
26-feb-2026,Retiros -Mariana,,temazcal,,MXN," $600,00",Efectivo,,"1,00","600,00",2026-02,9,2026-02-Q2,,,,,,,,,
27-feb-2026,Productos ,,mercado libre,"primer, palitos de naranjo base y top",MXN," $990,00",Tarjeta,,"1,00","990,00",2026-02,9,2026-02-Q2,,,,,,,,,
28-feb-2026,Retiros -Mariana,,super mariana ,,MXN," $3.000,00",Tarjeta,,"1,00","3.000,00",2026-02,9,2026-02-Q2,,,,,,,,,
28-feb-2026,Retiros -Mariana,,Ajuste de caja,Ajuste de caja,MXN,"- $5.714,00",Efectivo,,"1,00","-5.714,00",2026-02,9,2026-02-Q2,,,,,,,,,
28-feb-2026,Retiros -Mariana,,Ajuste de caja,Ajuste de caja,MXN,"- $1.982,00",Tarjeta,,"1,00","-1.982,00",2026-02,9,2026-02-Q2,,,,,,,,,
01-mar-2026,Sueldos/Comisiones,,MILI CORTE 2 FEBRERO,,MXN," $7.872,00",Tarjeta,,"1,00","7.872,00",2026-03,9,2026-03-Q1,,,,,,,,,
01-mar-2026,,,cambio tarjeta a efectivo,,MXN," $260,00",Tarjeta,,"1,00","260,00",2026-03,9,2026-03-Q1,,,,,,,,,
01-mar-2026,,,cambio tarjeta a efectivo,,MXN,"- $260,00",Efectivo,,"1,00","-260,00",2026-03,9,2026-03-Q1,,,,,,,,,
02-mar-2026,Gastos Operativos,,cabinas de uñaa,,MXN," $650,00",Tarjeta,,"1,00","650,00",2026-03,10,2026-03-Q1,,,,,,,,,
02-mar-2026,Productos ,,Kalani productos ,,MXN," $1.081,00",Tarjeta,,"1,00","1.081,00",2026-03,10,2026-03-Q1,,,,,,,,,
02-mar-2026,Gastos Operativos,,super local ,,MXN," $185,00",Tarjeta,,"1,00","185,00",2026-03,10,2026-03-Q1,,,,,,,,,
02-mar-2026,Productos ,,top y base coat,,MXN," $448,00",Tarjeta,,"1,00","448,00",2026-03,10,2026-03-Q1,,,,,,,,,
03-mar-2026,Sueldos/Comisiones,,karen corte 2 febrero,,MXN," $10.041,00",Tarjeta,,"1,00","10.041,00",2026-03,10,2026-03-Q1,,,,,,,,,
03-mar-2026,Gastos Operativos,,impresiones hojas,,MXN," $150,00",Tarjeta,,"1,00","150,00",2026-03,10,2026-03-Q1,,,,,,,,,
04-mar-2026,Inversiones nuevas,,pintura local remodelacion,,MXN," $6.000,00",Tarjeta,,"1,00","6.000,00",2026-03,10,2026-03-Q1,,,,,,,,,
04-mar-2026,Otros,,pago fanny acuerdo,,MXN," $2.000,00",Tarjeta,,,"0,00",2026-03,10,2026-03-Q1,,,,,,,,,
04-mar-2026,Sueldos/Comisiones,,corte FLOR 2 febrero,,MXN," $11.215,00",Efectivo,,"1,00","11.215,00",2026-03,10,2026-03-Q1,,,,,,,,,
04-mar-2026,Impuestos,,FISCALES ,,MXN," $3.000,00",Efectivo,,"1,00","3.000,00",2026-03,10,2026-03-Q1,,,,,,,,,
05-mar-2026,Prestamos ,,PAGO DEUDA ALEX,,MXN," $13.000,00",Tarjeta,,"1,00","13.000,00",2026-03,10,2026-03-Q1,,,,,,,,,
06-mar-2026,Renta,,PAGO ALQUILER LOCAL,,MXN," $17.349,00",Tarjeta,,"1,00","17.349,00",2026-03,10,2026-03-Q1,,,,,,,,,
07-mar-2026,Gastos Operativos,,luz bimestral,,MXN," $1.100,00",Tarjeta,,"1,00","1.100,00",2026-03,10,2026-03-Q1,,,,,,,,,
09-mar-2026,Gastos Operativos,,bolsas desechables pies,,MXN," $252,00",Tarjeta,,"1,00","252,00",2026-03,11,2026-03-Q1,,,,,,,,,
09-mar-2026,Marketing,,juli marketing ,,USD," $150,00",Tarjeta,,"17,00","2.550,00",2026-03,11,2026-03-Q1,,,,,,,,,
09-mar-2026,Marketing,,publicidad ,,MXN," $300,00",Tarjeta,,"1,00","300,00",2026-03,11,2026-03-Q1,,,,,,,,,
11-mar-2026,Retiros -Mariana,,renta depto maru,,MXN," $12.000,00",Tarjeta,,"1,00","12.000,00",2026-03,11,2026-03-Q1,,,,,,,,,
12-mar-2026,Retiros -Mariana,,maru gastos,,MXN," $1.100,00",Tarjeta,,"1,00","1.100,00",2026-03,11,2026-03-Q1,,,,,,,,,
12-mar-2026,Retiros -Mariana,,maru comida,,MXN," $190,00",Tarjeta,,"1,00","190,00",2026-03,11,2026-03-Q1,,,,,,,,,
12-mar-2026,Gastos Operativos,,tornos y guantes,,MXN," $1.100,00",Tarjeta,,"1,00","1.100,00",2026-03,11,2026-03-Q1,,,,,,,,,
13-mar-2026,Otros,,fanny acuerdo,,MXN," $5.000,00",Tarjeta,,"1,00","5.000,00",2026-03,11,2026-03-Q1,,,,,,,,,
13-mar-2026,Retiros -Mariana,,sesion bio ,,MXN," $1.252,00",Tarjeta,,"1,00","1.252,00",2026-03,11,2026-03-Q1,,,,,,,,,
14-mar-2026,Retiros -Mariana,,comida maru ,,MXN," $765,00",Tarjeta,,"1,00","765,00",2026-03,11,2026-03-Q1,,,,,,,,,
12-mar-2026,Otros,,suscripciones ,amazon / edreams / telcel,MXN," $550,00",Tarjeta,,"1,00","550,00",2026-03,11,2026-03-Q1,,,,,,,,,
14-mar-2026,Gastos Operativos,,seven compra agua,,MXN," $141,00",Tarjeta,,"1,00","141,00",2026-03,11,2026-03-Q1,,,,,,,,,
13-mar-2026,Retiros -Mariana,,moku spa ,,MXN," $500,00",Tarjeta,,"1,00","500,00",2026-03,11,2026-03-Q1,,,,,,,,,
11-mar-2026,Retiros -Mariana,,comida maru ,,MXN," $1.450,00",Tarjeta,,"1,00","1.450,00",2026-03,11,2026-03-Q1,,,,,,,,,
08-mar-2026,Retiros -Mariana,,trainor gonzalo,,MXN," $1.500,00",Tarjeta,,"1,00","1.500,00",2026-03,10,2026-03-Q1,,,,,,,,,
07-mar-2026,Otros,,suscripcion chat gpt,,MXN," $438,00",Tarjeta,,"1,00","438,00",2026-03,10,2026-03-Q1,,,,,,,,,
06-mar-2026,Gastos Operativos,,seven eleven ,,MXN," $215,00",Tarjeta,,"1,00","215,00",2026-03,10,2026-03-Q1,,,,,,,,,
04-mar-2026,Otros,,suscripcion apple,,MXN," $179,00",Tarjeta,,"1,00","179,00",2026-03,10,2026-03-Q1,,,,,,,,,
01-mar-2026,Retiros -Mariana,,comida maru ,,MXN," $1.126,00",Tarjeta,,"1,00","1.126,00",2026-03,9,2026-03-Q1,,,,,,,,,
03-mar-2026,Retiros -Mariana,,comida maru arena,,MXN," $500,00",Tarjeta,,"1,00","500,00",2026-03,10,2026-03-Q1,,,,,,,,,
16-mar-2026,Sueldos/Comisiones,,corte mili marzo,,MXN," $7.252,00",Tarjeta,,"1,00","7.252,00",2026-03,12,2026-03-Q2,,,,,,,,,
16-mar-2026,Sueldos/Comisiones,,corte karen marzo,,MXN," $6.000,00",Tarjeta,,"1,00","6.000,00",2026-03,12,2026-03-Q2,,,,,,,,,
16-mar-2026,Sueldos/Comisiones,,corte flor marzo ,,MXN," $6.000,00",Tarjeta,,"1,00","6.000,00",2026-03,12,2026-03-Q2,,,,,,,,,
16-mar-2026,,,cambio tarjeta a efectivo,,MXN," $3.500,00",Tarjeta,,"1,00","3.500,00",2026-03,12,2026-03-Q2,,,,,,,,,
16-mar-2026,,,cambio tarjeta a efectivo,,MXN,"- $3.500,00",Efectivo,,"1,00","-3.500,00",2026-03,12,2026-03-Q2,,,,,,,,,
17-mar-2026,Sueldos/Comisiones,,corte karen marzo,,MXN," $3.400,00",Efectivo,,"1,00","3.400,00",2026-03,12,2026-03-Q2,,,,,,,,,
17-mar-2026,Sueldos/Comisiones,,corte flor marzo ,,MXN," $7.000,00",Efectivo,,"1,00","7.000,00",2026-03,12,2026-03-Q2,,,,,,,,,
17-mar-2026,Retiros -Mariana,,maru retiro miami,,MXN," $1.500,00",Efectivo,,"1,00","1.500,00",2026-03,12,2026-03-Q2,,,,,,,,,
21-mar-2026,Servicios,,amazon servicios ,,MXN," $200,00",Tarjeta,,"1,00","200,00",2026-03,12,2026-03-Q2,,,,,,,,,
21-mar-2026,Retiros -Mariana,,chip miami,,MXN," $270,00",Tarjeta,,"1,00","270,00",2026-03,12,2026-03-Q2,,,,,,,,,
21-mar-2026,Retiros -Mariana,,gastos disney mary,,MXN," $990,00",Tarjeta,,"1,00","990,00",2026-03,12,2026-03-Q2,,,,,,,,,
21-mar-2026,Retiros -Mariana,,gastos disney mary,,MXN," $574,00",Tarjeta,,"1,00","574,00",2026-03,12,2026-03-Q2,,,,,,,,,
21-mar-2026,Retiros -Mariana,,compras camara amazon,,MXN," $1.500,00",Tarjeta,,"1,00","1.500,00",2026-03,12,2026-03-Q2,,,,,,,,,
22-mar-2026,Productos ,,amaszon pedido,,MXN," $850,00",Tarjeta,,"1,00","850,00",2026-03,12,2026-03-Q2,,,,,,,,,
24-mar-2026,Retiros -Mariana,,miami rosse,,MXN," $1.734,00",Tarjeta,,"1,00","1.734,00",2026-03,13,2026-03-Q2,,,,,,,,,
24-mar-2026,Retiros -Mariana,,gastos general miami,,MXN," $1.343,00",Tarjeta,,"1,00","1.343,00",2026-03,13,2026-03-Q2,,,,,,,,,
25-mar-2026,Servicios,,pestañas pedido mercado libre,,MXN," $1.200,00",Tarjeta,,"1,00","1.200,00",2026-03,13,2026-03-Q2,,,,,,,,,
25-mar-2026,Retiros -Mariana,,crema hidratante,,MXN," $364,00",Tarjeta,,"1,00","364,00",2026-03,13,2026-03-Q2,,,,,,,,,
26-mar-2026,Gastos Operativos,,cafe bolsa,,MXN," $300,00",Tarjeta,,"1,00","300,00",2026-03,13,2026-03-Q2,,,,,,,,,
26-mar-2026,Retiros -Mariana,,maru walmart ,,MXN," $715,00",Tarjeta,,"1,00","715,00",2026-03,13,2026-03-Q2,,,,,,,,,
26-mar-2026,Servicios,,suscrpciones amazon spotify,,MXN," $240,00",Tarjeta,,"1,00","240,00",2026-03,13,2026-03-Q2,,,,,,,,,
26-mar-2026,Retiros -Mariana,,crema sofi amazon,,MXN," $850,00",Tarjeta,,"1,00","850,00",2026-03,13,2026-03-Q2,,,,,,,,,
30-mar-2026,Retiros -Mariana,,gimnasio ,,MXN," $830,00",Tarjeta,,"1,00","830,00",2026-03,14,2026-03-Q2,,,,,,,,,
30-mar-2026,Impuestos,,fiscal ,,MXN," $3.000,00",Efectivo,,"1,00","3.000,00",2026-03,14,2026-03-Q2,,,,,,,,,
30-mar-2026,Servicios,,seven eleven ,,MXN," $215,00",Tarjeta,,"1,00","215,00",2026-03,14,2026-03-Q2,,,,,,,,,
31-mar-2026,Retiros -Mariana,,vaiven ,,MXN," $512,00",Tarjeta,,"1,00","512,00",2026-03,14,2026-03-Q2,,,,,,,,,
01-abr-2026,Gastos Operativos,,limpieza local ,,MXN," $700,00",Tarjeta,,"1,00","700,00",2026-04,14,2026-04-Q1,MXN,2555,Efectivo,SEBA PREUEBBAA,1,2555,2026-04,17,2026-04-Q2
01-abr-2026,Sueldos/Comisiones,,KAREN ,,MXN," $9.797,00",Tarjeta,,"1,00","9.797,00",2026-04,14,2026-04-Q1,,,,,,,,,
01-abr-2026,Sueldos/Comisiones,,MILI,,MXN," $10.131,00",Tarjeta,,"1,00","10.131,00",2026-04,14,2026-04-Q1,,,,,,,,,
01-abr-2026,Sueldos/Comisiones,,concierge,,MXN," $1.000,00",Tarjeta,,"1,00","1.000,00",2026-04,14,2026-04-Q1,,,,,,,,,
04-abr-2026,Retiros -Mariana,,comida local maru,,MXN," $272,00",Tarjeta,,"1,00","272,00",2026-04,14,2026-04-Q1,,,,,,,,,
04-abr-2026,Inversiones nuevas,,dispenser de agua,,MXN," $3.100,00",Tarjeta,,"1,00","3.100,00",2026-04,14,2026-04-Q1,,,,,,,,,
06-abr-2026,Marketing,,marketing juli,,MXN," $2.550,00",Tarjeta,,"1,00","2.550,00",2026-04,15,2026-04-Q1,,,,,,,,,
06-abr-2026,Gastos Operativos,,bolsas esterilizadas ,,MXN," $200,00",Tarjeta,,"1,00","200,00",2026-04,15,2026-04-Q1,,,,,,,,,
06-abr-2026,Gastos Operativos,,limas amazon,,MXN," $427,00",Tarjeta,,"1,00","427,00",2026-04,15,2026-04-Q1,,,,,,,,,
06-abr-2026,Renta,,renta local,,MXN," $17.350,00",Efectivo,,"1,00","17.350,00",2026-04,15,2026-04-Q1,,,,,,,,,
07-abr-2026,Sueldos/Comisiones,,karen receocion,,MXN," $3.933,00",Tarjeta,,"1,00","3.933,00",2026-04,15,2026-04-Q1,,,,,,,,,
07-abr-2026,Sueldos/Comisiones,,flor pendiente ultima quincena,,MXN," $3.762,00",Tarjeta,,"1,00","3.762,00",2026-04,15,2026-04-Q1,,,,,,,,,
08-abr-2026,Marketing,,publicidad ,,MXN," $250,00",Tarjeta,,"1,00","250,00",2026-04,15,2026-04-Q1,,,,,,,,,
10-abr-2026,Retiros -Mariana,,moto mecanico,,MXN," $650,00",Tarjeta,,"1,00","650,00",2026-04,15,2026-04-Q1,,,,,,,,,
10-abr-2026,Retiros -Mariana,,renta depto maru,,MXN," $11.000,00",Tarjeta,,"1,00","11.000,00",2026-04,15,2026-04-Q1,,,,,,,,,
11-abr-2026,Retiros -Mariana,,comida maru,,MXN," $356,00",Tarjeta,,"1,00","356,00",2026-04,15,2026-04-Q1,,,,,,,,,
11-abr-2026,Retiros -Mariana,,memoria card,,MXN," $1.330,00",Tarjeta,,"1,00","1.330,00",2026-04,15,2026-04-Q1,,,,,,,,,
13-abr-2026,Retiros -Mariana,,bio con caro,,MXN," $1.190,00",Tarjeta,,"1,00","1.190,00",2026-04,16,2026-04-Q1,,,,,,,,,
13-abr-2026,Retiros -Mariana,,maru spa,,MXN," $500,00",Efectivo,,"1,00","500,00",2026-04,16,2026-04-Q1,,,,,,,,,
13-abr-2026,Retiros -Mariana,,panaderia,,MXN," $250,00",Efectivo,,"1,00","250,00",2026-04,16,2026-04-Q1,,,,,,,,,
13-abr-2026,Retiros -Mariana,,comida jessi,,MXN," $100,00",Tarjeta,,"1,00","100,00",2026-04,16,2026-04-Q1,,,,,,,,,
14-abr-2026,Retiros -Mariana,,pasaje maru,,MXN," $1.700,00",Tarjeta,,"1,00","1.700,00",2026-04,16,2026-04-Q1,,,,,,,,,
15-abr-2026,Retiros -Mariana,,comida jessi,,MXN," $130,00",Tarjeta,,"1,00","130,00",2026-04,16,2026-04-Q1,,,,,,,,,
15-abr-2026,Gastos Operativos,,chedarui super,,MXN," $928,00",Tarjeta,,"1,00","928,00",2026-04,16,2026-04-Q1,,,,,,,,,
15/04,Productos ,,probell ,,MXN," $323,00",Tarjeta,,"1,00","323,00",2026-04,16,2026-04-Q1,,,,,,,,,
16-abr-2026,Prestamos ,,DEUDA ALEX FINALLLLL,,MXN," $10.000,00",Tarjeta,,"1,00","10.000,00",2026-04,16,2026-04-Q2,,,,,,,,,
16-abr-2026,Retiros -Mariana,,vaiven ,,MXN," $327,00",Tarjeta,,"1,00","327,00",2026-04,16,2026-04-Q2,,,,,,,,,
16-abr-2026,Sueldos/Comisiones,,ADELANTO FANNY ,,MXN," $4.000,00",Efectivo,,"1,00","4.000,00",2026-04,16,2026-04-Q2,,,,,,,,,
16-abr-2026,Sueldos/Comisiones,,FANNY CORTE PRIMERA QUINCENA ABRIL ,,MXN," $6.000,00",Tarjeta,,"1,00","6.000,00",2026-04,16,2026-04-Q2,,,,,,,,,
19-abr-2026,Retiros -Mariana,,GASTOS VARIADOS TARJETA,,MXN," $1.890,00",Tarjeta,,"1,00","1.890,00",2026-04,16,2026-04-Q2,,,,,,,,,
25-abr-2026,Retiros -Mariana,,CUMPLE ABRIL,,MXN," $800,00",Tarjeta,,"1,00","800,00",2026-04,17,2026-04-Q2,,,,,,,,,
25-abr-2026,Sueldos/Comisiones,,nati masajes,,MXN," $601,00",Tarjeta,,"1,00","601,00",2026-04,17,2026-04-Q2,,,,,,,,,
25-abr-2026,Sueldos/Comisiones,,maru comida,,MXN," $320,00",Tarjeta,,"1,00","320,00",2026-04,17,2026-04-Q2,,,,,,,,,
27-abr-2026,Retiros -Mariana,,comida jessi,,MXN," $130,00",Tarjeta,,"1,00","130,00",2026-04,18,2026-04-Q2,,,,,,,,,
27-abr-2026,Retiros -Mariana,,mercado libre guantes,,MXN," $379,00",Tarjeta,,"1,00","379,00",2026-04,18,2026-04-Q2,,,,,,,,,
29-abr-2026,Retiros -Mariana,,comida jessi,,MXN," $100,00",Tarjeta,,"1,00","100,00",2026-04,18,2026-04-Q2,,,,,,,,,
04-abr-2026,Otros,,suscripcion apple,,MXN," $179,00",Tarjeta,,"1,00","179,00",2026-04,14,2026-04-Q1,,,,,,,,,
07-abr-2026,Otros,,suscripcion chat gpt,,MXN," $438,00",Tarjeta,,"1,00","438,00",2026-04,15,2026-04-Q1,,,,,,,,,
07-abr-2026,Productos ,,the house tulum ,,MXN," $1.380,00",Tarjeta,,"1,00","1.380,00",2026-04,15,2026-04-Q1,,,,,,,,,
09-abr-2026,Retiros -Mariana,,gastos tarjetas varios,,MXN," $320,00",Tarjeta,,"1,00","320,00",2026-04,15,2026-04-Q1,,,,,,,,,
11-abr-2026,Retiros -Mariana,,lacomer super,,MXN," $669,00",Tarjeta,,"1,00","669,00",2026-04,15,2026-04-Q1,,,,,,,,,
19-abr-2026,Retiros -Mariana,,hotel nest domingo,,MXN," $724,00",Tarjeta,,"1,00","724,00",2026-04,16,2026-04-Q2,,,,,,,,,
20-abr-2026,Retiros -Mariana,,gastos maru varios,,MXN," $536,00",Tarjeta,,"1,00","536,00",2026-04,17,2026-04-Q2,,,,,,,,,
27-abr-2026,Gastos Operativos,,super ,,MXN," $800,00",Tarjeta,,"1,00","800,00",2026-04,18,2026-04-Q2,,,,,,,,,
06-abr-2026,Otros,,suscripcion amazon ,,MXN," $427,00",Tarjeta,,"1,00","427,00",2026-04,15,2026-04-Q1,,,,,,,,,
06-abr-2026,Retiros -Mariana,,telcel carga,,MXN," $200,00",Tarjeta,,"1,00","200,00",2026-04,15,2026-04-Q1,,,,,,,,,
08-abr-2026,Retiros -Mariana,,cumple SOFI,,MXN," $300,00",Tarjeta,,"1,00","300,00",2026-04,15,2026-04-Q1,,,,,,,,,
08-abr-2026,Productos ,,amazon ,,MXN," $240,00",Tarjeta,,"1,00","240,00",2026-04,15,2026-04-Q1,,,,,,,,,
20-abr-2026,Retiros -Mariana,,pago gym gonzalo ,,MXN," $1.350,00",Tarjeta,,"1,00","1.350,00",2026-04,17,2026-04-Q2,,,,,,,,,
20-abr-2026,Retiros -Mariana,,comida con amigas,,MXN," $270,00",Tarjeta,,"1,00","270,00",2026-04,17,2026-04-Q2,,,,,,,,,
23-abr-2026,Otros,,suscripcion,,MXN," $250,00",Tarjeta,,"1,00","250,00",2026-04,17,2026-04-Q2,,,,,,,,,
26-abr-2026,Retiros -Mariana,,gasolina,,MXN," $230,00",Tarjeta,,"1,00","230,00",2026-04,17,2026-04-Q2,,,,,,,,,
29-abr-2026,Retiros -Mariana,,bio con caro,,MXN," $1.223,00",Tarjeta,,"1,00","1.223,00",2026-04,18,2026-04-Q2,,,,,,,,,
30-abr-2026,Retiros -Mariana,,GASTOS VARIADOS TARJETA,,MXN," $900,00",Tarjeta,,"1,00","900,00",2026-04,18,2026-04-Q2,,,,,,,,,
02-may-2026,Sueldos/Comisiones,,corte Nati,,MXN," $352,00",Tarjeta,,"1,00","352,00",2026-05,18,2026-05-Q1,,,,,,,,,
02-may-2026,Retiros -Mariana,,,comida Jesi,MXN," $60,00",Tarjeta,,"1,00","60,00",2026-05,18,2026-05-Q1,,,,,,,,,
02-may-2026,Sueldos/Comisiones,,corte Fanny,,MXN," $10.000,00",Tarjeta,,"1,00","10.000,00",2026-05,18,2026-05-Q1,,,,,,,,,
02-may-2026,Sueldos/Comisiones,,corte Maru,,MXN," $4.600,00",Tarjeta,,"1,00","4.600,00",2026-05,18,2026-05-Q1,,,,,,,,,
04-may-2026,Impuestos,,Pagos fiscal,,MXN," $3.000,00",Efectivo,,"1,00","3.000,00",2026-05,19,2026-05-Q1,,,,,,,,,
04-may-2026,,,cambio de tarjeta a efectivo,,MXN," $1.000,00",Tarjeta,,"1,00","1.000,00",2026-05,19,2026-05-Q1,,,,,,,,,
04-may-2026,,,cambio de tarjeta a efectivo,,MXN,"- $1.000,00",Efectivo,,"1,00","-1.000,00",2026-05,19,2026-05-Q1,,,,,,,,,
05-abr-2026,Renta,,local,,MXN," $1.349,00",Tarjeta,,"1,00","1.349,00",2026-04,14,2026-04-Q1,,,,,,,,,
05-may-2026,Renta,,local,,MXN," $16.000,00",Efectivo,,"1,00","16.000,00",2026-05,19,2026-05-Q1,,,,,,,,,
09-may-2026,Retiros -Mariana,,super,,MXN," $800,00",Efectivo,,"1,00","800,00",2026-05,19,2026-05-Q1,,,,,,,,,
09-may-2026,Renta,,Depto maru,,MXN," $11.000,00",Tarjeta,,"1,00","11.000,00",2026-05,19,2026-05-Q1,,,,,,,,,
11-may-2026,Gastos Operativos,,super waldos,,MXN," $384,00",Efectivo,,"1,00","384,00",2026-05,20,2026-05-Q1,,,,,,,,,
11-may-2026,Productos ,,kalami,,MXN," $725,00",Tarjeta,,"1,00","725,00",2026-05,20,2026-05-Q1,,,,,,,,,
14-may-2026,Retiros -Mariana,,gym,,MXN," $3.500,00",Tarjeta,,"1,00","3.500,00",2026-05,20,2026-05-Q1,,,,,,,,,
14-may-2026,Gastos Operativos,,serendipi impresiones,,MXN," $420,00",Tarjeta,,"1,00","420,00",2026-05,20,2026-05-Q1,,,,,,,,,
14-may-2026,Retiros -Mariana,,sipalitos,,MXN," $1.000,00",Tarjeta,,"1,00","1.000,00",2026-05,20,2026-05-Q1,,,,,,,,,
10-may-2026,Retiros -Mariana,,super,,MXN," $1.800,00",Tarjeta,,"1,00","1.800,00",2026-05,19,2026-05-Q1,,,,,,,,,
02-may-2026,Gastos Operativos,,suscripcion chat gpt ,,MXN," $400,00",Tarjeta,,"1,00","400,00",2026-05,18,2026-05-Q1,,,,,,,,,
02-may-2026,Retiros -Mariana,,pizzine ,,MXN," $580,00",Tarjeta,,"1,00","580,00",2026-05,18,2026-05-Q1,,,,,,,,,
04-may-2026,Otros,,apple,,MXN," $179,00",Tarjeta,,"1,00","179,00",2026-05,19,2026-05-Q1,,,,,,,,,
06-may-2026,Otros,,apple?,,MXN," $400,00",Tarjeta,,"1,00","400,00",2026-05,19,2026-05-Q1,,,,,,,,,
09-may-2026,Marketing,,publicidad,,MXN," $900,00",Tarjeta,,"1,00","900,00",2026-05,19,2026-05-Q1,,,,,,,,,
13-may-2026,Retiros -Mariana,,maru comida,,MXN," $555,00",Tarjeta,,"1,00","555,00",2026-05,20,2026-05-Q1,,,,,,,,,
13-may-2026,Marketing,,publicidad,,MXN," $1.167,00",Tarjeta,,"1,00","1.167,00",2026-05,20,2026-05-Q1,,,,,,,,,
13-may-2026,Gastos Operativos,,seven ,,MXN," $170,00",Tarjeta,,"1,00","170,00",2026-05,20,2026-05-Q1,,,,,,,,,
16-may-2026,Retiros -Mariana,,desayuno ,,MXN," $125,00",Tarjeta,,"1,00","125,00",2026-05,20,2026-05-Q2,,,,,,,,,
16-may-2026,Retiros -Mariana,,abasto,,MXN," $276,00",Tarjeta,,"1,00","276,00",2026-05,20,2026-05-Q2,,,,,,,,,
01-may-2026,Gastos Operativos,,fresha suscripcion,,MXN," $383,00",Tarjeta,,"1,00","383,00",2026-05,18,2026-05-Q1,,,,,,,,,
05-may-2026,,,cambio de tarjeta a efectivo,,MXN," $1.500,00",Tarjeta,,"1,00","1.500,00",2026-05,19,2026-05-Q1,,,,,,,,,
05-may-2026,,,cambio de tarjeta a efectivo,,MXN,"- $1.500,00",Efectivo,,"1,00","-1.500,00",2026-05,19,2026-05-Q1,,,,,,,,,
17-may-2026,Sueldos/Comisiones,,corte Gaby,,MXN," $5.475,00",Tarjeta,,"1,00","5.475,00",2026-05,20,2026-05-Q2,,,,,,,,,
17-may-2026,Sueldos/Comisiones,,cote Fanny,,MXN," $7.441,00",Tarjeta,,"1,00","7.441,00",2026-05,20,2026-05-Q2,,,,,,,,,
17-may-2026,Sueldos/Comisiones,,corte Nati,,MXN," $560,00",Tarjeta,,"1,00","560,00",2026-05,20,2026-05-Q2,,,,,,,,,
18-may-2026,Retiros -Mariana,,,terapia,USD," $100,00",Tarjeta,,"17,00","1.700,00",2026-05,21,2026-05-Q2,,,,,,,,,
19-may-2026,Gastos Operativos,,mercado libre,,MXN," $2.722,00",Tarjeta,,"1,00","2.722,00",2026-05,21,2026-05-Q2,,,,,,,,,
19-may-2026,Retiros -Mariana,,comida jesi,,MXN," $290,00",Tarjeta,,"1,00","290,00",2026-05,21,2026-05-Q2,,,,,,,,,
20-may-2026,Gastos Operativos,,CM,,USD," $150,00",Tarjeta,,"17,00","2.550,00",2026-05,21,2026-05-Q2,,,,,,,,,
20-may-2026,Gastos Operativos,,super waldos,,MXN," $517,00",Efectivo,,"1,00","517,00",2026-05,21,2026-05-Q2,,,,,,,,,
20-may-2026,Productos ,,kalami,,MXN," $840,00",Efectivo,,"1,00","840,00",2026-05,21,2026-05-Q2,,,,,,,,,
20-may-2026,Gastos Operativos,,uniformes,,MXN," $1.200,00",Efectivo,,"1,00","1.200,00",2026-05,21,2026-05-Q2,,,,,,,,,
23-may-2026,Retiros -Mariana,,,,MXN," $400,00",Efectivo,,"1,00","400,00",2026-05,21,2026-05-Q2,,,,,,,,,
23-may-2026,Retiros -Mariana,,,,MXN," $260,00",Efectivo,,"1,00","260,00",2026-05,21,2026-05-Q2,,,,,,,,,
23-may-2026,Gastos Operativos,,chedraui super,,MXN," $820,00",Tarjeta,,"1,00","820,00",2026-05,21,2026-05-Q2,,,,,,,,,
23-may-2026,Retiros -Mariana,,,,MXN," $660,00",Tarjeta,,"1,00","660,00",2026-05,21,2026-05-Q2,,,,,,,,,
28-may-2026,Retiros -Mariana,,,,MXN," $1.324,00",Tarjeta,,"1,00","1.324,00",2026-05,22,2026-05-Q2,,,,,,,,,
28-may-2026,Retiros -Mariana,,comida,,MXN," $700,00",Tarjeta,,"1,00","700,00",2026-05,22,2026-05-Q2,,,,,,,,,
28-may-2026,Retiros -Mariana,,compras,,MXN," $636,00",Tarjeta,,"1,00","636,00",2026-05,22,2026-05-Q2,,,,,,,,,
29-may-2026,Otros,,contador,,MXN," $800,00",Tarjeta,,"1,00","800,00",2026-05,22,2026-05-Q2,,,,,,,,,
30-may-2026,Retiros -Mariana,,super,,MXN," $1.700,00",Efectivo,,"1,00","1.700,00",2026-05,22,2026-05-Q2,,,,,,,,,
30-may-2026,Retiros -Mariana,,,,MXN," $250,00",Efectivo,,"1,00","250,00",2026-05,22,2026-05-Q2,,,,,,,,,
30-may-2026,Retiros -Mariana,,serendipity agenda,,MXN," $300,00",Tarjeta,,"1,00","300,00",2026-05,22,2026-05-Q2,,,,,,,,,
30-may-2026,Gastos Operativos,,serendipity impresiones,,MXN," $490,00",Tarjeta,,"1,00","490,00",2026-05,22,2026-05-Q2,,,,,,,,,
01-jun-2026,Sueldos/Comisiones,,corte Fanny,,MXN," $7.224,00",Tarjeta,,"1,00","7.224,00",2026-06,23,2026-06-Q1,,,,,,,,,
01-jun-2026,Sueldos/Comisiones,,corte Gaby,,MXN," $10.125,00",Efectivo,,"1,00","10.125,00",2026-06,23,2026-06-Q1,,,,,,,,,
01-jun-2026,Sueldos/Comisiones,,corte Maru,,MXN," $5.000,00",Efectivo,,"1,00","5.000,00",2026-06,23,2026-06-Q1,,,,,,,,,
01-jun-2026,Sueldos/Comisiones,,corte Abril,,MXN," $4.600,00",Efectivo,,"1,00","4.600,00",2026-06,23,2026-06-Q1,,,,,,,,,
02-jun-2026,Retiros -Mariana,,,,MXN," $900,00",Tarjeta,,"1,00","900,00",2026-06,23,2026-06-Q1,,,,,,,,,
02-jun-2026,Retiros -Mariana,,comida Jesi,,MXN," $130,00",Tarjeta,,"1,00","130,00",2026-06,23,2026-06-Q1,,,,,,,,,
03-jun-2026,Servicios,,supcripcion Fresha,,MXN," $447,00",Tarjeta,,"1,00","447,00",2026-06,23,2026-06-Q1,,,,,,,,,
03-may-2026,Gastos Operativos,,compras mercado libre local,,MXN," $800,00",Tarjeta,,"1,00","800,00",2026-05,18,2026-05-Q1,,,,,,,,,
04-jun-2026,Retiros -Mariana,,,,MXN," $311,00",Tarjeta,,"1,00","311,00",2026-06,23,2026-06-Q1,,,,,,,,,
05-jun-2026,Renta,,local,,MXN," $9.100,00",Efectivo,,"1,00","9.100,00",2026-06,23,2026-06-Q1,,,,,,,,,
05-jun-2026,Impuestos,,fiscal,,MXN," $3.000,00",Efectivo,,"1,00","3.000,00",2026-06,23,2026-06-Q1,,,,,,,,,
05-jun-2026,Renta,,local,,MXN," $6.400,00",Tarjeta,,"1,00","6.400,00",2026-06,23,2026-06-Q1,,,,,,,,,
06-jun-2026,Impuestos,,fiscal,,MXN," $500,00",Tarjeta,,"1,00","500,00",2026-06,23,2026-06-Q1,,,,,,,,,
06-jun-2026,Gastos Operativos,,cfe local,,MXN," $1.223,00",Tarjeta,,"1,00","1.223,00",2026-06,23,2026-06-Q1,,,,,,,,,
07-jun-2026,,,cambio de tarjeta a efectivo,,MXN," $2.000,00",Tarjeta,,"1,00","2.000,00",2026-06,23,2026-06-Q1,,,,,,,,,
07-jun-2026,,,cambio de tarjeta a efectivo,,MXN,"- $2.000,00",Efectivo,,"1,00","-2.000,00",2026-06,23,2026-06-Q1,,,,,,,,,
08-jun-2026,Retiros -Mariana,,,,MXN," $700,00",Tarjeta,,"1,00","700,00",2026-06,24,2026-06-Q1,,,,,,,,,
09-jun-2026,,,cambio efectivo a tarjeta,,MXN," $550,00",Efectivo,,"1,00","550,00",2026-06,24,2026-06-Q1,,,,,,,,,
09-jun-2026,,,cambio efectivo a tarjeta,,MXN,"- $550,00",Tarjeta,,"1,00","-550,00",2026-06,24,2026-06-Q1,,,,,,,,,
09-jun-2026,Retiros -Mariana,,comida jessi,,MXN," $130,00",Tarjeta,,"1,00","130,00",2026-06,24,2026-06-Q1,,,,,,,,,
09-jun-2026,Gastos Operativos,,mercado libre,,MXN," $530,00",Tarjeta,,"1,00","530,00",2026-06,24,2026-06-Q1,,,,,,,,,
10-jun-2026,Sueldos/Comisiones,,Corte Nati,,MXN," $600,00",Tarjeta,,"1,00","600,00",2026-06,24,2026-06-Q1,,,,,,,,,
10-jun-2026,Productos ,,Kalani,,MXN," $1.064,00",Efectivo,,"1,00","1.064,00",2026-06,24,2026-06-Q1,,,,,,,,,
10-jun-2026,Gastos Operativos,,Waldos,,MXN," $186,00",Efectivo,,"1,00","186,00",2026-06,24,2026-06-Q1,,,,,,,,,
10-abr-2026,Gastos Operativos,,agua daniel,,MXN," $60,00",Efectivo,,"1,00","60,00",2026-04,15,2026-04-Q1,,,,,,,,,
11-jun-2026,,,cambio efectivo a tarjeta,,MXN," $1.000,00",Efectivo,,"1,00","1.000,00",2026-06,24,2026-06-Q1,,,,,,,,,
11-jun-2026,,,cambio efectivo a tarjeta,,MXN,"- $1.000,00",Tarjeta,,"1,00","-1.000,00",2026-06,24,2026-06-Q1,,,,,,,,,
11-jun-2026,Productos ,,the house ,,MXN," $200,00",Efectivo,,"1,00","200,00",2026-06,24,2026-06-Q1,,,,,,,,,
11-jun-2026,Otros,,focos led local,,MXN," $100,00",Efectivo,,"1,00","100,00",2026-06,24,2026-06-Q1,,,,,,,,,
13-jun-2026,Retiros -Mariana,,gastos,,MXN," $3.900,00",Tarjeta,,"1,00","3.900,00",2026-06,24,2026-06-Q1,,,,,,,,,
13-jun-2026,Gastos Operativos,,suscripcion Chat gpt,,MXN," $438,00",Tarjeta,,"1,00","438,00",2026-06,24,2026-06-Q1,,,,,,,,,
13-jun-2026,Sueldos/Comisiones,,adelanto Fanny,,MXN," $1.000,00",Tarjeta,,"1,00","1.000,00",2026-06,24,2026-06-Q1,,,,,,,,,
13-jun-2026,Otros,,suscripcion Amazon,,MXN," $239,00",Tarjeta,,"1,00","239,00",2026-06,24,2026-06-Q1,,,,,,,,,
13-jun-2026,Otros,,suscripcion Apple,,MXN," $179,00",Tarjeta,,"1,00","179,00",2026-06,24,2026-06-Q1,,,,,,,,,
13-jun-2026,Retiros -Mariana,,supermercado,,MXN," $615,00",Tarjeta,,"1,00","615,00",2026-06,24,2026-06-Q1,,,,,,,,,
14-jun-2026,Gastos Operativos,,uniforme Fanny,,MXN," $269,00",Tarjeta,,"1,00","269,00",2026-06,24,2026-06-Q1,,,,,,,,,
14-jun-2026,Otros,,contador,,MXN," $800,00",Tarjeta,,"1,00","800,00",2026-06,24,2026-06-Q1,,,,,,,,,
14-jun-2026,Retiros -Mariana,,renta depto Maru,,MXN," $3.000,00",Tarjeta,,"1,00","3.000,00",2026-06,24,2026-06-Q1,,,,,,,,,
16-jun-2026,Productos ,,Amazon limas,,MXN," $292,00",Tarjeta,,"1,00","292,00",2026-06,25,2026-06-Q2,,,,,,,,,
16-jun-2026,Retiros -Mariana,,comida jessi,,MXN," $130,00",Tarjeta,,"1,00","130,00",2026-06,25,2026-06-Q2,,,,,,,,,
16-jun-2026,Retiros -Mariana,,gastos bs as,,MXN," $816,00",Tarjeta,,"1,00","816,00",2026-06,25,2026-06-Q2,,,,,,,,,
16-jun-2026,Retiros -Mariana,,gasto maru aeropuerto,,MXN," $1.400,00",Efectivo,,"1,00","1.400,00",2026-06,25,2026-06-Q2,,,,,,,,,
16-jun-2026,Sueldos/Comisiones,,corte Gaby,,MXN," $8.526,00",Tarjeta,,"1,00","8.526,00",2026-06,25,2026-06-Q2,,,,,,,,,
16-jun-2026,Sueldos/Comisiones,,corte Fanny,,MXN," $7.723,00",Tarjeta,,"1,00","7.723,00",2026-06,25,2026-06-Q2,,,,,,,,,
16-jun-2026,Sueldos/Comisiones,,corte Abril,,MXN," $4.000,00",Efectivo,,"1,00","4.000,00",2026-06,25,2026-06-Q2,,,,,,,,,
17-jun-2026,Renta,,luz local,,MXN," $2.106,00",Tarjeta,,"1,00","2.106,00",2026-06,25,2026-06-Q2,,,,,,,,,
18-jun-2026,Otros,,multa SAT,,MXN," $3.200,00",Efectivo,,"1,00","3.200,00",2026-06,25,2026-06-Q2,,,,,,,,,
19-jun-2026,Gastos Operativos,,compras local chedraui,,MXN," $455,00",Efectivo,,"1,00","455,00",2026-06,25,2026-06-Q2,,,,,,,,,
19-jun-2026,Gastos Operativos,,bolsas de basura,,MXN," $50,00",Efectivo,,"1,00","50,00",2026-06,25,2026-06-Q2,,,,,,,,,
20-jun-2026,Sueldos/Comisiones,,adelanto Fanny,,MXN," $3.000,00",Tarjeta,,"1,00","3.000,00",2026-06,25,2026-06-Q2,,,,,,,,,
22-jun-2026,Marketing,,publicidad,,MXN," $1.440,00",Tarjeta,,"1,00","1.440,00",2026-06,26,2026-06-Q2,,,,,,,,,
23-jun-2026,Retiros -Mariana,,gastos Mariana tarjeta,,MXN," $2.200,00",Tarjeta,,"1,00","2.200,00",2026-06,26,2026-06-Q2,,,,,,,,,
23-jun-2026,Retiros -Mariana,,lente camara,,MXN," $1.100,00",Tarjeta,,"1,00","1.100,00",2026-06,26,2026-06-Q2,,,,,,,,,
25-jun-2026,Gastos Operativos,,the house ,,MXN," $320,00",Efectivo,,"1,00","320,00",2026-06,26,2026-06-Q2,,,,,,,,,
27-jun-2026,Gastos Operativos,,chedraui agua micelar,,MXN," $118,00",Efectivo,,"1,00","118,00",2026-06,26,2026-06-Q2,,,,,,,,,
29-jun-2026,Gastos Operativos,,serendipity impresiones,,MXN," $200,00",Tarjeta,,"1,00","200,00",2026-06,27,2026-06-Q2,,,,,,,,,
29-jun-2026,Gastos Operativos,,chedraui compras local,,MXN," $305,00",Efectivo,,"1,00","305,00",2026-06,27,2026-06-Q2,,,,,,,,,
29-jun-2026,Gastos Operativos,,mercado libre,,MXN," $1.227,00",Efectivo,,"1,00","1.227,00",2026-06,27,2026-06-Q2,,,,,,,,,
29-jun-2026,Gastos Operativos,,sahumerios,,MXN," $90,00",Efectivo,,"1,00","90,00",2026-06,27,2026-06-Q2,,,,,,,,,
29-jun-2026,Gastos Operativos,,mercado libre,,MXN," $439,53",Tarjeta,,"1,00","439,53",2026-06,27,2026-06-Q2,,,,,,,,,
30-jun-2026,Gastos Operativos,,agua daniel,,MXN," $60,00",Efectivo,,"1,00","60,00",2026-06,27,2026-06-Q2,,,,,,,,,
30-jun-2026,Retiros -Mariana,,gastos mariana tarjeta,varios tarjeta,MXN," $3.237,00",Tarjeta,,"1,00","3.237,00",2026-06,27,2026-06-Q2,,,,,,,,,
30-jun-2026,Gastos Operativos,,chat gpt suscripcion,,MXN," $400,00",Tarjeta,,"1,00","400,00",2026-06,27,2026-06-Q2,,,,,,,,,
30-jun-2026,Gastos Operativos,,uber tarjeta,,MXN," $820,00",Tarjeta,,"1,00","820,00",2026-06,27,2026-06-Q2,,,,,,,,,
30-jun-2026,Gastos Operativos,,suscripciones,,MXN," $314,00",Tarjeta,,"1,00","314,00",2026-06,27,2026-06-Q2,,,,,,,,,
01-jul-2026,Productos ,,desayuno nimeño,,MXN," $600,00",Efectivo,,"1,00","600,00",2026-07,27,2026-07-Q1,,,,,,,,,
01-jul-2026,Sueldos/Comisiones,,corte Fanny,,MXN," $10.195,00",Tarjeta,,"1,00","10.195,00",2026-07,27,2026-07-Q1,,,,,,,,,
01-jul-2026,Sueldos/Comisiones,,corte Gaby,,MXN," $12.038,00",Tarjeta,,"1,00","12.038,00",2026-07,27,2026-07-Q1,,,,,,,,,
01-jul-2026,Sueldos/Comisiones,,corte Abril,,MXN," $4.000,00",Efectivo,,"1,00","4.000,00",2026-07,27,2026-07-Q1,,,,,,,,,